batch_id,trial,warmup,system,config,git_sha,dirty,kernel_sha256,qemu_version,qemu_hash,host_kernel,cpu_model,governor,smt_control,cpufreq_boost,virt,steal_start_ticks,loadavg_1m,qemu_cpu,client_cpu,client_granularity_ns,shuffle_seed,run_order,steal_ticks,steal_ns,e0_mono_ns,e0_wall_ns,e0_to_first_connect_ns,e0_to_e3w_ns,e0_to_e4_ns,attempts,pcap_path
20260818T013740Z-1,1,1,whimbrel,release-default,c40945cdb71b5aef68c5e72e292a718b66ec651e,0,801cae40af49e67cbd44bdaf14879a598e85f3f46ee39c5e4cdbe46ce2b503bf,QEMU emulator version 10.2.1 (Debian 1:10.2.1+ds-1ubuntu3.2),89a99b20357ac92b2c6a533fe79d6fab6b507784858299f7109651f2d524d274,7.0.0-29-generic,AMD Ryzen 7 7800X3D 8-Core Processor,performance,off,0,none,0,0.75,6,7,1000112,1787017062391450054,1,0,0,685626038349,1787017062415788211,19035851,30137851,122800487,17,results/trials/20260818T013740Z-1/release-default/01/qemu.pcap
20260818T013740Z-1,1,1,whimbrel,release-fast-boot,c40945cdb71b5aef68c5e72e292a718b66ec651e,0,1e43a31023ec25f0154b3bc325554109fb988c451e0288b995f5295675fd19ca,QEMU emulator version 10.2.1 (Debian 1:10.2.1+ds-1ubuntu3.2),89a99b20357ac92b2c6a533fe79d6fab6b507784858299f7109651f2d524d274,7.0.0-29-generic,AMD Ryzen 7 7800X3D 8-Core Processor,performance,off,0,none,0,0.75,6,7,1000112,1787017062391450054,2,0,0,685964818794,1787017062754568737,18946452,21066452,51872324,17,results/trials/20260818T013740Z-1/release-fast-boot/01/qemu.pcap
20260818T013740Z-1,2,1,whimbrel,release-default,c40945cdb71b5aef68c5e72e292a718b66ec651e,0,801cae40af49e67cbd44bdaf14879a598e85f3f46ee39c5e4cdbe46ce2b503bf,QEMU emulator version 10.2.1 (Debian 1:10.2.1+ds-1ubuntu3.2),89a99b20357ac92b2c6a533fe79d6fab6b507784858299f7109651f2d524d274,7.0.0-29-generic,AMD Ryzen 7 7800X3D 8-Core Processor,performance,off,0,none,0,0.75,6,7,1000112,1787017062391450054,3,0,0,686255487523,1787017063045237356,18999432,30087432,122416270,17,results/trials/20260818T013740Z-1/release-default/02/qemu.pcap
20260818T013740Z-1,2,1,whimbrel,release-fast-boot,c40945cdb71b5aef68c5e72e292a718b66ec651e,0,1e43a31023ec25f0154b3bc325554109fb988c451e0288b995f5295675fd19ca,QEMU emulator version 10.2.1 (Debian 1:10.2.1+ds-1ubuntu3.2),89a99b20357ac92b2c6a533fe79d6fab6b507784858299f7109651f2d524d274,7.0.0-29-generic,AMD Ryzen 7 7800X3D 8-Core Processor,performance,off,0,none,0,0.75,6,7,1000112,1787017062391450054,4,0,0,686591039398,1787017063380789250,18651694,20738694,52126294,17,results/trials/20260818T013740Z-1/release-fast-boot/02/qemu.pcap
20260818T013740Z-1,3,1,whimbrel,release-default,c40945cdb71b5aef68c5e72e292a718b66ec651e,0,801cae40af49e67cbd44bdaf14879a598e85f3f46ee39c5e4cdbe46ce2b503bf,QEMU emulator version 10.2.1 (Debian 1:10.2.1+ds-1ubuntu3.2),89a99b20357ac92b2c6a533fe79d6fab6b507784858299f7109651f2d524d274,7.0.0-29-generic,AMD Ryzen 7 7800X3D 8-Core Processor,performance,off,0,none,0,0.75,6,7,1000112,1787017062391450054,5,0,0,686881943042,1787017063671692934,19035169,30169169,123279704,17,results/trials/20260818T013740Z-1/release-default/03/qemu.pcap
20260818T013740Z-1,3,1,whimbrel,release-fast-boot,c40945cdb71b5aef68c5e72e292a718b66ec651e,0,1e43a31023ec25f0154b3bc325554109fb988c451e0288b995f5295675fd19ca,QEMU emulator version 10.2.1 (Debian 1:10.2.1+ds-1ubuntu3.2),89a99b20357ac92b2c6a533fe79d6fab6b507784858299f7109651f2d524d274,7.0.0-29-generic,AMD Ryzen 7 7800X3D 8-Core Processor,performance,off,0,none,0,0.75,6,7,1000112,1787017062391450054,6,0,0,687220491678,1787017064010241501,19018729,21138729,52056984,17,results/trials/20260818T013740Z-1/release-fast-boot/03/qemu.pcap
20260818T013740Z-1,10,0,whimbrel,release-default,c40945cdb71b5aef68c5e72e292a718b66ec651e,0,801cae40af49e67cbd44bdaf14879a598e85f3f46ee39c5e4cdbe46ce2b503bf,QEMU emulator version 10.2.1 (Debian 1:10.2.1+ds-1ubuntu3.2),89a99b20357ac92b2c6a533fe79d6fab6b507784858299f7109651f2d524d274,7.0.0-29-generic,AMD Ryzen 7 7800X3D 8-Core Processor,performance,off,0,none,0,0.75,6,7,1000112,1787017062391450054,7,0,0,687512150892,1787017064301900725,18584648,29729648,122563499,17,results/trials/20260818T013740Z-1/release-default/10/qemu.pcap
20260818T013740Z-1,8,0,whimbrel,release-fast-boot,c40945cdb71b5aef68c5e72e292a718b66ec651e,0,1e43a31023ec25f0154b3bc325554109fb988c451e0288b995f5295675fd19ca,QEMU emulator version 10.2.1 (Debian 1:10.2.1+ds-1ubuntu3.2),89a99b20357ac92b2c6a533fe79d6fab6b507784858299f7109651f2d524d274,7.0.0-29-generic,AMD Ryzen 7 7800X3D 8-Core Processor,performance,off,0,none,0,0.75,6,7,1000112,1787017062391450054,8,0,0,687849704365,1787017064639454188,19229368,21353368,52378182,17,results/trials/20260818T013740Z-1/release-fast-boot/08/qemu.pcap
20260818T013740Z-1,13,0,whimbrel,release-default,c40945cdb71b5aef68c5e72e292a718b66ec651e,0,801cae40af49e67cbd44bdaf14879a598e85f3f46ee39c5e4cdbe46ce2b503bf,QEMU emulator version 10.2.1 (Debian 1:10.2.1+ds-1ubuntu3.2),89a99b20357ac92b2c6a533fe79d6fab6b507784858299f7109651f2d524d274,7.0.0-29-generic,AMD Ryzen 7 7800X3D 8-Core Processor,performance,off,0,none,0,0.75,6,7,1000112,1787017062391450054,9,0,0,688140377613,1787017064930127466,19033818,30278818,123612675,17,results/trials/20260818T013740Z-1/release-default/13/qemu.pcap
20260818T013740Z-1,32,0,whimbrel,release-default,c40945cdb71b5aef68c5e72e292a718b66ec651e,0,801cae40af49e67cbd44bdaf14879a598e85f3f46ee39c5e4cdbe46ce2b503bf,QEMU emulator version 10.2.1 (Debian 1:10.2.1+ds-1ubuntu3.2),89a99b20357ac92b2c6a533fe79d6fab6b507784858299f7109651f2d524d274,7.0.0-29-generic,AMD Ryzen 7 7800X3D 8-Core Processor,performance,off,0,none,0,0.75,6,7,1000112,1787017062391450054,10,0,0,688480150979,1787017065269900791,18643859,29780859,123982704,17,results/trials/20260818T013740Z-1/release-default/32/qemu.pcap
20260818T013740Z-1,5,0,whimbrel,release-fast-boot,c40945cdb71b5aef68c5e72e292a718b66ec651e,0,1e43a31023ec25f0154b3bc325554109fb988c451e0288b995f5295675fd19ca,QEMU emulator version 10.2.1 (Debian 1:10.2.1+ds-1ubuntu3.2),89a99b20357ac92b2c6a533fe79d6fab6b507784858299f7109651f2d524d274,7.0.0-29-generic,AMD Ryzen 7 7800X3D 8-Core Processor,performance,off,0,none,0,0.75,6,7,1000112,1787017062391450054,11,0,0,688816596684,1787017065606346517,19078773,21222773,52328007,17,results/trials/20260818T013740Z-1/release-fast-boot/05/qemu.pcap
20260818T013740Z-1,23,0,whimbrel,release-fast-boot,c40945cdb71b5aef68c5e72e292a718b66ec651e,0,1e43a31023ec25f0154b3bc325554109fb988c451e0288b995f5295675fd19ca,QEMU emulator version 10.2.1 (Debian 1:10.2.1+ds-1ubuntu3.2),89a99b20357ac92b2c6a533fe79d6fab6b507784858299f7109651f2d524d274,7.0.0-29-generic,AMD Ryzen 7 7800X3D 8-Core Processor,performance,off,0,none,0,0.75,6,7,1000112,1787017062391450054,12,0,0,689102820811,1787017065892570734,18577454,20691454,52151062,17,results/trials/20260818T013740Z-1/release-fast-boot/23/qemu.pcap
20260818T013740Z-1,27,0,whimbrel,release-fast-boot,c40945cdb71b5aef68c5e72e292a718b66ec651e,0,1e43a31023ec25f0154b3bc325554109fb988c451e0288b995f5295675fd19ca,QEMU emulator version 10.2.1 (Debian 1:10.2.1+ds-1ubuntu3.2),89a99b20357ac92b2c6a533fe79d6fab6b507784858299f7109651f2d524d274,7.0.0-29-generic,AMD Ryzen 7 7800X3D 8-Core Processor,performance,off,0,none,0,0.75,6,7,1000112,1787017062391450054,13,0,0,689389488076,1787017066179237819,18542708,20609708,51899115,17,results/trials/20260818T013740Z-1/release-fast-boot/27/qemu.pcap
20260818T013740Z-1,5,0,whimbrel,release-default,c40945cdb71b5aef68c5e72e292a718b66ec651e,0,801cae40af49e67cbd44bdaf14879a598e85f3f46ee39c5e4cdbe46ce2b503bf,QEMU emulator version 10.2.1 (Debian 1:10.2.1+ds-1ubuntu3.2),89a99b20357ac92b2c6a533fe79d6fab6b507784858299f7109651f2d524d274,7.0.0-29-generic,AMD Ryzen 7 7800X3D 8-Core Processor,performance,off,0,none,0,0.75,6,7,1000112,1787017062391450054,14,0,0,689679821230,1787017066469571053,18726396,29826396,123103782,17,results/trials/20260818T013740Z-1/release-default/05/qemu.pcap
20260818T013740Z-1,12,0,whimbrel,release-default,c40945cdb71b5aef68c5e72e292a718b66ec651e,0,801cae40af49e67cbd44bdaf14879a598e85f3f46ee39c5e4cdbe46ce2b503bf,QEMU emulator version 10.2.1 (Debian 1:10.2.1+ds-1ubuntu3.2),89a99b20357ac92b2c6a533fe79d6fab6b507784858299f7109651f2d524d274,7.0.0-29-generic,AMD Ryzen 7 7800X3D 8-Core Processor,performance,off,0,none,0,0.75,6,7,1000112,1787017062391450054,15,0,0,690021571006,1787017066811320849,18804503,29857503,122470162,17,results/trials/20260818T013740Z-1/release-default/12/qemu.pcap
20260818T013740Z-1,23,0,whimbrel,release-default,c40945cdb71b5aef68c5e72e292a718b66ec651e,0,801cae40af49e67cbd44bdaf14879a598e85f3f46ee39c5e4cdbe46ce2b503bf,QEMU emulator version 10.2.1 (Debian 1:10.2.1+ds-1ubuntu3.2),89a99b20357ac92b2c6a533fe79d6fab6b507784858299f7109651f2d524d274,7.0.0-29-generic,AMD Ryzen 7 7800X3D 8-Core Processor,performance,off,0,none,0,0.75,6,7,1000112,1787017062391450054,16,0,0,690360916190,1787017067150666032,18994252,30001252,122347731,17,results/trials/20260818T013740Z-1/release-default/23/qemu.pcap
20260818T013740Z-1,20,0,whimbrel,release-default,c40945cdb71b5aef68c5e72e292a718b66ec651e,0,801cae40af49e67cbd44bdaf14879a598e85f3f46ee39c5e4cdbe46ce2b503bf,QEMU emulator version 10.2.1 (Debian 1:10.2.1+ds-1ubuntu3.2),89a99b20357ac92b2c6a533fe79d6fab6b507784858299f7109651f2d524d274,7.0.0-29-generic,AMD Ryzen 7 7800X3D 8-Core Processor,performance,off,0,none,0,0.75,6,7,1000112,1787017062391450054,17,0,0,690703568524,1787017067493318367,18247910,29400910,123421083,16,results/trials/20260818T013740Z-1/release-default/20/qemu.pcap
20260818T013740Z-1,24,0,whimbrel,release-fast-boot,c40945cdb71b5aef68c5e72e292a718b66ec651e,0,1e43a31023ec25f0154b3bc325554109fb988c451e0288b995f5295675fd19ca,QEMU emulator version 10.2.1 (Debian 1:10.2.1+ds-1ubuntu3.2),89a99b20357ac92b2c6a533fe79d6fab6b507784858299f7109651f2d524d274,7.0.0-29-generic,AMD Ryzen 7 7800X3D 8-Core Processor,performance,off,0,none,0,0.75,6,7,1000112,1787017062391450054,18,0,0,691046591971,1787017067836341824,18499756,20623756,52177211,17,results/trials/20260818T013740Z-1/release-fast-boot/24/qemu.pcap
20260818T013740Z-1,16,0,whimbrel,release-fast-boot,c40945cdb71b5aef68c5e72e292a718b66ec651e,0,1e43a31023ec25f0154b3bc325554109fb988c451e0288b995f5295675fd19ca,QEMU emulator version 10.2.1 (Debian 1:10.2.1+ds-1ubuntu3.2),89a99b20357ac92b2c6a533fe79d6fab6b507784858299f7109651f2d524d274,7.0.0-29-generic,AMD Ryzen 7 7800X3D 8-Core Processor,performance,off,0,none,0,0.75,6,7,1000112,1787017062391450054,19,0,0,691333607566,1787017068123357428,18909371,21009371,51845303,17,results/trials/20260818T013740Z-1/release-fast-boot/16/qemu.pcap
20260818T013740Z-1,12,0,whimbrel,release-fast-boot,c40945cdb71b5aef68c5e72e292a718b66ec651e,0,1e43a31023ec25f0154b3bc325554109fb988c451e0288b995f5295675fd19ca,QEMU emulator version 10.2.1 (Debian 1:10.2.1+ds-1ubuntu3.2),89a99b20357ac92b2c6a533fe79d6fab6b507784858299f7109651f2d524d274,7.0.0-29-generic,AMD Ryzen 7 7800X3D 8-Core Processor,performance,off,0,none,0,0.75,6,7,1000112,1787017062391450054,20,0,0,691620712078,1787017068410461921,18778755,20920755,52400945,17,results/trials/20260818T013740Z-1/release-fast-boot/12/qemu.pcap
20260818T013740Z-1,6,0,whimbrel,release-default,c40945cdb71b5aef68c5e72e292a718b66ec651e,0,801cae40af49e67cbd44bdaf14879a598e85f3f46ee39c5e4cdbe46ce2b503bf,QEMU emulator version 10.2.1 (Debian 1:10.2.1+ds-1ubuntu3.2),89a99b20357ac92b2c6a533fe79d6fab6b507784858299f7109651f2d524d274,7.0.0-29-generic,AMD Ryzen 7 7800X3D 8-Core Processor,performance,off,0,none,0,0.75,6,7,1000112,1787017062391450054,21,0,0,691908935068,1787017068698684971,18562064,29666064,123254627,17,results/trials/20260818T013740Z-1/release-default/06/qemu.pcap
20260818T013740Z-1,9,0,whimbrel,release-default,c40945cdb71b5aef68c5e72e292a718b66ec651e,0,801cae40af49e67cbd44bdaf14879a598e85f3f46ee39c5e4cdbe46ce2b503bf,QEMU emulator version 10.2.1 (Debian 1:10.2.1+ds-1ubuntu3.2),89a99b20357ac92b2c6a533fe79d6fab6b507784858299f7109651f2d524d274,7.0.0-29-generic,AMD Ryzen 7 7800X3D 8-Core Processor,performance,off,0,none,0,0.75,6,7,1000112,1787017062391450054,22,0,0,692248934842,1787017069038684664,18468457,29554457,123236793,17,results/trials/20260818T013740Z-1/release-default/09/qemu.pcap
20260818T013740Z-1,31,0,whimbrel,release-fast-boot,c40945cdb71b5aef68c5e72e292a718b66ec651e,0,1e43a31023ec25f0154b3bc325554109fb988c451e0288b995f5295675fd19ca,QEMU emulator version 10.2.1 (Debian 1:10.2.1+ds-1ubuntu3.2),89a99b20357ac92b2c6a533fe79d6fab6b507784858299f7109651f2d524d274,7.0.0-29-generic,AMD Ryzen 7 7800X3D 8-Core Processor,performance,off,0,none,0,0.75,6,7,1000112,1787017062391450054,23,0,0,692590151318,1787017069379901141,18517190,20592190,51882143,17,results/trials/20260818T013740Z-1/release-fast-boot/31/qemu.pcap
20260818T013740Z-1,15,0,whimbrel,release-default,c40945cdb71b5aef68c5e72e292a718b66ec651e,0,801cae40af49e67cbd44bdaf14879a598e85f3f46ee39c5e4cdbe46ce2b503bf,QEMU emulator version 10.2.1 (Debian 1:10.2.1+ds-1ubuntu3.2),89a99b20357ac92b2c6a533fe79d6fab6b507784858299f7109651f2d524d274,7.0.0-29-generic,AMD Ryzen 7 7800X3D 8-Core Processor,performance,off,0,none,0,0.75,6,7,1000112,1787017062391450054,24,0,0,692878114196,1787017069667864048,18515556,29694556,122910155,17,results/trials/20260818T013740Z-1/release-default/15/qemu.pcap
20260818T013740Z-1,8,0,whimbrel,release-default,c40945cdb71b5aef68c5e72e292a718b66ec651e,0,801cae40af49e67cbd44bdaf14879a598e85f3f46ee39c5e4cdbe46ce2b503bf,QEMU emulator version 10.2.1 (Debian 1:10.2.1+ds-1ubuntu3.2),89a99b20357ac92b2c6a533fe79d6fab6b507784858299f7109651f2d524d274,7.0.0-29-generic,AMD Ryzen 7 7800X3D 8-Core Processor,performance,off,0,none,0,0.75,6,7,1000112,1787017062391450054,25,0,0,693217265283,1787017070007015105,18414174,29517174,123045902,16,results/trials/20260818T013740Z-1/release-default/08/qemu.pcap
20260818T013740Z-1,17,0,whimbrel,release-default,c40945cdb71b5aef68c5e72e292a718b66ec651e,0,801cae40af49e67cbd44bdaf14879a598e85f3f46ee39c5e4cdbe46ce2b503bf,QEMU emulator version 10.2.1 (Debian 1:10.2.1+ds-1ubuntu3.2),89a99b20357ac92b2c6a533fe79d6fab6b507784858299f7109651f2d524d274,7.0.0-29-generic,AMD Ryzen 7 7800X3D 8-Core Processor,performance,off,0,none,0,0.75,6,7,1000112,1787017062391450054,26,0,0,693556013387,1787017070345763280,19084974,30226974,122747407,17,results/trials/20260818T013740Z-1/release-default/17/qemu.pcap
20260818T013740Z-1,15,0,whimbrel,release-fast-boot,c40945cdb71b5aef68c5e72e292a718b66ec651e,0,1e43a31023ec25f0154b3bc325554109fb988c451e0288b995f5295675fd19ca,QEMU emulator version 10.2.1 (Debian 1:10.2.1+ds-1ubuntu3.2),89a99b20357ac92b2c6a533fe79d6fab6b507784858299f7109651f2d524d274,7.0.0-29-generic,AMD Ryzen 7 7800X3D 8-Core Processor,performance,off,0,none,0,0.75,6,7,1000112,1787017062391450054,27,0,0,693894037400,1787017070683787233,18488275,20603275,51931346,17,results/trials/20260818T013740Z-1/release-fast-boot/15/qemu.pcap
20260818T013740Z-1,29,0,whimbrel,release-default,c40945cdb71b5aef68c5e72e292a718b66ec651e,0,801cae40af49e67cbd44bdaf14879a598e85f3f46ee39c5e4cdbe46ce2b503bf,QEMU emulator version 10.2.1 (Debian 1:10.2.1+ds-1ubuntu3.2),89a99b20357ac92b2c6a533fe79d6fab6b507784858299f7109651f2d524d274,7.0.0-29-generic,AMD Ryzen 7 7800X3D 8-Core Processor,performance,off,0,none,0,0.75,6,7,1000112,1787017062391450054,28,0,0,694181488499,1787017070971238321,18310147,29407147,124786156,16,results/trials/20260818T013740Z-1/release-default/29/qemu.pcap
20260818T013740Z-1,26,0,whimbrel,release-default,c40945cdb71b5aef68c5e72e292a718b66ec651e,0,801cae40af49e67cbd44bdaf14879a598e85f3f46ee39c5e4cdbe46ce2b503bf,QEMU emulator version 10.2.1 (Debian 1:10.2.1+ds-1ubuntu3.2),89a99b20357ac92b2c6a533fe79d6fab6b507784858299f7109651f2d524d274,7.0.0-29-generic,AMD Ryzen 7 7800X3D 8-Core Processor,performance,off,0,none,0,0.75,6,7,1000112,1787017062391450054,29,0,0,694520566828,1787017071310316660,18607230,29776230,123008952,17,results/trials/20260818T013740Z-1/release-default/26/qemu.pcap
20260818T013740Z-1,14,0,whimbrel,release-default,c40945cdb71b5aef68c5e72e292a718b66ec651e,0,801cae40af49e67cbd44bdaf14879a598e85f3f46ee39c5e4cdbe46ce2b503bf,QEMU emulator version 10.2.1 (Debian 1:10.2.1+ds-1ubuntu3.2),89a99b20357ac92b2c6a533fe79d6fab6b507784858299f7109651f2d524d274,7.0.0-29-generic,AMD Ryzen 7 7800X3D 8-Core Processor,performance,off,0,none,0,0.75,6,7,1000112,1787017062391450054,30,0,0,694862263893,1787017071652013766,18699956,29749956,122713343,17,results/trials/20260818T013740Z-1/release-default/14/qemu.pcap
20260818T013740Z-1,18,0,whimbrel,release-fast-boot,c40945cdb71b5aef68c5e72e292a718b66ec651e,0,1e43a31023ec25f0154b3bc325554109fb988c451e0288b995f5295675fd19ca,QEMU emulator version 10.2.1 (Debian 1:10.2.1+ds-1ubuntu3.2),89a99b20357ac92b2c6a533fe79d6fab6b507784858299f7109651f2d524d274,7.0.0-29-generic,AMD Ryzen 7 7800X3D 8-Core Processor,performance,off,0,none,0,0.75,6,7,1000112,1787017062391450054,31,0,0,695205709640,1787017071995459472,18606949,20706949,52010165,17,results/trials/20260818T013740Z-1/release-fast-boot/18/qemu.pcap
20260818T013740Z-1,4,0,whimbrel,release-default,c40945cdb71b5aef68c5e72e292a718b66ec651e,0,801cae40af49e67cbd44bdaf14879a598e85f3f46ee39c5e4cdbe46ce2b503bf,QEMU emulator version 10.2.1 (Debian 1:10.2.1+ds-1ubuntu3.2),89a99b20357ac92b2c6a533fe79d6fab6b507784858299f7109651f2d524d274,7.0.0-29-generic,AMD Ryzen 7 7800X3D 8-Core Processor,performance,off,0,none,0,0.75,6,7,1000112,1787017062391450054,32,0,0,695496823932,1787017072286573755,18533861,29625861,122806108,17,results/trials/20260818T013740Z-1/release-default/04/qemu.pcap
20260818T013740Z-1,4,0,whimbrel,release-fast-boot,c40945cdb71b5aef68c5e72e292a718b66ec651e,0,1e43a31023ec25f0154b3bc325554109fb988c451e0288b995f5295675fd19ca,QEMU emulator version 10.2.1 (Debian 1:10.2.1+ds-1ubuntu3.2),89a99b20357ac92b2c6a533fe79d6fab6b507784858299f7109651f2d524d274,7.0.0-29-generic,AMD Ryzen 7 7800X3D 8-Core Processor,performance,off,0,none,0,0.75,6,7,1000112,1787017062391450054,33,0,0,695839032095,1787017072628781918,19091908,21177908,52016878,17,results/trials/20260818T013740Z-1/release-fast-boot/04/qemu.pcap
20260818T013740Z-1,25,0,whimbrel,release-fast-boot,c40945cdb71b5aef68c5e72e292a718b66ec651e,0,1e43a31023ec25f0154b3bc325554109fb988c451e0288b995f5295675fd19ca,QEMU emulator version 10.2.1 (Debian 1:10.2.1+ds-1ubuntu3.2),89a99b20357ac92b2c6a533fe79d6fab6b507784858299f7109651f2d524d274,7.0.0-29-generic,AMD Ryzen 7 7800X3D 8-Core Processor,performance,off,0,none,0,0.75,6,7,1000112,1787017062391450054,34,0,0,696128298811,1787017072918048633,18840772,20971772,52138578,17,results/trials/20260818T013740Z-1/release-fast-boot/25/qemu.pcap
20260818T013740Z-1,17,0,whimbrel,release-fast-boot,c40945cdb71b5aef68c5e72e292a718b66ec651e,0,1e43a31023ec25f0154b3bc325554109fb988c451e0288b995f5295675fd19ca,QEMU emulator version 10.2.1 (Debian 1:10.2.1+ds-1ubuntu3.2),89a99b20357ac92b2c6a533fe79d6fab6b507784858299f7109651f2d524d274,7.0.0-29-generic,AMD Ryzen 7 7800X3D 8-Core Processor,performance,off,0,none,0,0.75,6,7,1000112,1787017062391450054,35,0,0,696416946695,1787017073206696958,18765359,20853359,52221916,17,results/trials/20260818T013740Z-1/release-fast-boot/17/qemu.pcap
20260818T013740Z-1,7,0,whimbrel,release-fast-boot,c40945cdb71b5aef68c5e72e292a718b66ec651e,0,1e43a31023ec25f0154b3bc325554109fb988c451e0288b995f5295675fd19ca,QEMU emulator version 10.2.1 (Debian 1:10.2.1+ds-1ubuntu3.2),89a99b20357ac92b2c6a533fe79d6fab6b507784858299f7109651f2d524d274,7.0.0-29-generic,AMD Ryzen 7 7800X3D 8-Core Processor,performance,off,0,none,0,0.75,6,7,1000112,1787017062391450054,36,0,0,696707597811,1787017073497347644,18893872,21027872,52042947,17,results/trials/20260818T013740Z-1/release-fast-boot/07/qemu.pcap
20260818T013740Z-1,10,0,whimbrel,release-fast-boot,c40945cdb71b5aef68c5e72e292a718b66ec651e,0,1e43a31023ec25f0154b3bc325554109fb988c451e0288b995f5295675fd19ca,QEMU emulator version 10.2.1 (Debian 1:10.2.1+ds-1ubuntu3.2),89a99b20357ac92b2c6a533fe79d6fab6b507784858299f7109651f2d524d274,7.0.0-29-generic,AMD Ryzen 7 7800X3D 8-Core Processor,performance,off,0,none,0,0.75,6,7,1000112,1787017062391450054,37,0,0,696995488812,1787017073785238665,18540414,20676414,51640636,17,results/trials/20260818T013740Z-1/release-fast-boot/10/qemu.pcap
20260818T013740Z-1,11,0,whimbrel,release-fast-boot,c40945cdb71b5aef68c5e72e292a718b66ec651e,0,1e43a31023ec25f0154b3bc325554109fb988c451e0288b995f5295675fd19ca,QEMU emulator version 10.2.1 (Debian 1:10.2.1+ds-1ubuntu3.2),89a99b20357ac92b2c6a533fe79d6fab6b507784858299f7109651f2d524d274,7.0.0-29-generic,AMD Ryzen 7 7800X3D 8-Core Processor,performance,off,0,none,0,0.75,6,7,1000112,1787017062391450054,38,0,0,697288376071,1787017074078125903,18402582,20519582,51984005,16,results/trials/20260818T013740Z-1/release-fast-boot/11/qemu.pcap
20260818T013740Z-1,16,0,whimbrel,release-default,c40945cdb71b5aef68c5e72e292a718b66ec651e,0,801cae40af49e67cbd44bdaf14879a598e85f3f46ee39c5e4cdbe46ce2b503bf,QEMU emulator version 10.2.1 (Debian 1:10.2.1+ds-1ubuntu3.2),89a99b20357ac92b2c6a533fe79d6fab6b507784858299f7109651f2d524d274,7.0.0-29-generic,AMD Ryzen 7 7800X3D 8-Core Processor,performance,off,0,none,0,0.75,6,7,1000112,1787017062391450054,39,0,0,697581490489,1787017074371240322,18733790,29812790,122983033,17,results/trials/20260818T013740Z-1/release-default/16/qemu.pcap
20260818T013740Z-1,24,0,whimbrel,release-default,c40945cdb71b5aef68c5e72e292a718b66ec651e,0,801cae40af49e67cbd44bdaf14879a598e85f3f46ee39c5e4cdbe46ce2b503bf,QEMU emulator version 10.2.1 (Debian 1:10.2.1+ds-1ubuntu3.2),89a99b20357ac92b2c6a533fe79d6fab6b507784858299f7109651f2d524d274,7.0.0-29-generic,AMD Ryzen 7 7800X3D 8-Core Processor,performance,off,0,none,0,0.75,6,7,1000112,1787017062391450054,40,0,0,697921934994,1787017074711684887,18625424,29642424,123017979,16,results/trials/20260818T013740Z-1/release-default/24/qemu.pcap
20260818T013740Z-1,33,0,whimbrel,release-fast-boot,c40945cdb71b5aef68c5e72e292a718b66ec651e,0,1e43a31023ec25f0154b3bc325554109fb988c451e0288b995f5295675fd19ca,QEMU emulator version 10.2.1 (Debian 1:10.2.1+ds-1ubuntu3.2),89a99b20357ac92b2c6a533fe79d6fab6b507784858299f7109651f2d524d274,7.0.0-29-generic,AMD Ryzen 7 7800X3D 8-Core Processor,performance,off,0,none,0,0.75,6,7,1000112,1787017062391450054,41,0,0,698264583581,1787017075054333433,18629983,20731983,52120804,17,results/trials/20260818T013740Z-1/release-fast-boot/33/qemu.pcap
20260818T013740Z-1,33,0,whimbrel,release-default,c40945cdb71b5aef68c5e72e292a718b66ec651e,0,801cae40af49e67cbd44bdaf14879a598e85f3f46ee39c5e4cdbe46ce2b503bf,QEMU emulator version 10.2.1 (Debian 1:10.2.1+ds-1ubuntu3.2),89a99b20357ac92b2c6a533fe79d6fab6b507784858299f7109651f2d524d274,7.0.0-29-generic,AMD Ryzen 7 7800X3D 8-Core Processor,performance,off,0,none,0,0.75,6,7,1000112,1787017062391450054,42,0,0,698553594081,1787017075343343934,18665370,29743370,122733400,17,results/trials/20260818T013740Z-1/release-default/33/qemu.pcap
20260818T013740Z-1,9,0,whimbrel,release-fast-boot,c40945cdb71b5aef68c5e72e292a718b66ec651e,0,1e43a31023ec25f0154b3bc325554109fb988c451e0288b995f5295675fd19ca,QEMU emulator version 10.2.1 (Debian 1:10.2.1+ds-1ubuntu3.2),89a99b20357ac92b2c6a533fe79d6fab6b507784858299f7109651f2d524d274,7.0.0-29-generic,AMD Ryzen 7 7800X3D 8-Core Processor,performance,off,0,none,0,0.75,6,7,1000112,1787017062391450054,43,0,0,698894941705,1787017075684691518,18243001,20328001,51961844,16,results/trials/20260818T013740Z-1/release-fast-boot/09/qemu.pcap
20260818T013740Z-1,22,0,whimbrel,release-default,c40945cdb71b5aef68c5e72e292a718b66ec651e,0,801cae40af49e67cbd44bdaf14879a598e85f3f46ee39c5e4cdbe46ce2b503bf,QEMU emulator version 10.2.1 (Debian 1:10.2.1+ds-1ubuntu3.2),89a99b20357ac92b2c6a533fe79d6fab6b507784858299f7109651f2d524d274,7.0.0-29-generic,AMD Ryzen 7 7800X3D 8-Core Processor,performance,off,0,none,0,0.75,6,7,1000112,1787017062391450054,44,0,0,699187821690,1787017075977571523,18524483,30763483,124768773,17,results/trials/20260818T013740Z-1/release-default/22/qemu.pcap
20260818T013740Z-1,13,0,whimbrel,release-fast-boot,c40945cdb71b5aef68c5e72e292a718b66ec651e,0,1e43a31023ec25f0154b3bc325554109fb988c451e0288b995f5295675fd19ca,QEMU emulator version 10.2.1 (Debian 1:10.2.1+ds-1ubuntu3.2),89a99b20357ac92b2c6a533fe79d6fab6b507784858299f7109651f2d524d274,7.0.0-29-generic,AMD Ryzen 7 7800X3D 8-Core Processor,performance,off,0,none,0,0.75,6,7,1000112,1787017062391450054,45,0,0,699528154644,1787017076317904466,18994853,21088853,52114422,17,results/trials/20260818T013740Z-1/release-fast-boot/13/qemu.pcap
20260818T013740Z-1,18,0,whimbrel,release-default,c40945cdb71b5aef68c5e72e292a718b66ec651e,0,801cae40af49e67cbd44bdaf14879a598e85f3f46ee39c5e4cdbe46ce2b503bf,QEMU emulator version 10.2.1 (Debian 1:10.2.1+ds-1ubuntu3.2),89a99b20357ac92b2c6a533fe79d6fab6b507784858299f7109651f2d524d274,7.0.0-29-generic,AMD Ryzen 7 7800X3D 8-Core Processor,performance,off,0,none,0,0.75,6,7,1000112,1787017062391450054,46,0,0,699818039429,1787017076607789322,18778154,29832154,123071170,17,results/trials/20260818T013740Z-1/release-default/18/qemu.pcap
20260818T013740Z-1,19,0,whimbrel,release-fast-boot,c40945cdb71b5aef68c5e72e292a718b66ec651e,0,1e43a31023ec25f0154b3bc325554109fb988c451e0288b995f5295675fd19ca,QEMU emulator version 10.2.1 (Debian 1:10.2.1+ds-1ubuntu3.2),89a99b20357ac92b2c6a533fe79d6fab6b507784858299f7109651f2d524d274,7.0.0-29-generic,AMD Ryzen 7 7800X3D 8-Core Processor,performance,off,0,none,0,0.75,6,7,1000112,1787017062391450054,47,0,0,700158928836,1787017076948678679,18659790,20768790,52183013,17,results/trials/20260818T013740Z-1/release-fast-boot/19/qemu.pcap
20260818T013740Z-1,7,0,whimbrel,release-default,c40945cdb71b5aef68c5e72e292a718b66ec651e,0,801cae40af49e67cbd44bdaf14879a598e85f3f46ee39c5e4cdbe46ce2b503bf,QEMU emulator version 10.2.1 (Debian 1:10.2.1+ds-1ubuntu3.2),89a99b20357ac92b2c6a533fe79d6fab6b507784858299f7109651f2d524d274,7.0.0-29-generic,AMD Ryzen 7 7800X3D 8-Core Processor,performance,off,0,none,0,0.75,6,7,1000112,1787017062391450054,48,0,0,700451491971,1787017077241241824,18752044,29798044,122287536,17,results/trials/20260818T013740Z-1/release-default/07/qemu.pcap
20260818T013740Z-1,22,0,whimbrel,release-fast-boot,c40945cdb71b5aef68c5e72e292a718b66ec651e,0,1e43a31023ec25f0154b3bc325554109fb988c451e0288b995f5295675fd19ca,QEMU emulator version 10.2.1 (Debian 1:10.2.1+ds-1ubuntu3.2),89a99b20357ac92b2c6a533fe79d6fab6b507784858299f7109651f2d524d274,7.0.0-29-generic,AMD Ryzen 7 7800X3D 8-Core Processor,performance,off,0,none,0,0.75,6,7,1000112,1787017062391450054,49,0,0,700796255832,1787017077586005654,18982700,21079700,52222166,17,results/trials/20260818T013740Z-1/release-fast-boot/22/qemu.pcap
20260818T013740Z-1,20,0,whimbrel,release-fast-boot,c40945cdb71b5aef68c5e72e292a718b66ec651e,0,1e43a31023ec25f0154b3bc325554109fb988c451e0288b995f5295675fd19ca,QEMU emulator version 10.2.1 (Debian 1:10.2.1+ds-1ubuntu3.2),89a99b20357ac92b2c6a533fe79d6fab6b507784858299f7109651f2d524d274,7.0.0-29-generic,AMD Ryzen 7 7800X3D 8-Core Processor,performance,off,0,none,0,0.75,6,7,1000112,1787017062391450054,50,0,0,701085702337,1787017077875452150,18651654,20764654,52080789,17,results/trials/20260818T013740Z-1/release-fast-boot/20/qemu.pcap
20260818T013740Z-1,27,0,whimbrel,release-default,c40945cdb71b5aef68c5e72e292a718b66ec651e,0,801cae40af49e67cbd44bdaf14879a598e85f3f46ee39c5e4cdbe46ce2b503bf,QEMU emulator version 10.2.1 (Debian 1:10.2.1+ds-1ubuntu3.2),89a99b20357ac92b2c6a533fe79d6fab6b507784858299f7109651f2d524d274,7.0.0-29-generic,AMD Ryzen 7 7800X3D 8-Core Processor,performance,off,0,none,0,0.75,6,7,1000112,1787017062391450054,51,0,0,701379708875,1787017078169458717,18495398,29571398,122482204,17,results/trials/20260818T013740Z-1/release-default/27/qemu.pcap
20260818T013740Z-1,30,0,whimbrel,release-default,c40945cdb71b5aef68c5e72e292a718b66ec651e,0,801cae40af49e67cbd44bdaf14879a598e85f3f46ee39c5e4cdbe46ce2b503bf,QEMU emulator version 10.2.1 (Debian 1:10.2.1+ds-1ubuntu3.2),89a99b20357ac92b2c6a533fe79d6fab6b507784858299f7109651f2d524d274,7.0.0-29-generic,AMD Ryzen 7 7800X3D 8-Core Processor,performance,off,0,none,0,0.75,6,7,1000112,1787017062391450054,52,0,0,701720594565,1787017078510344387,18825052,29963052,123223097,17,results/trials/20260818T013740Z-1/release-default/30/qemu.pcap
20260818T013740Z-1,6,0,whimbrel,release-fast-boot,c40945cdb71b5aef68c5e72e292a718b66ec651e,0,1e43a31023ec25f0154b3bc325554109fb988c451e0288b995f5295675fd19ca,QEMU emulator version 10.2.1 (Debian 1:10.2.1+ds-1ubuntu3.2),89a99b20357ac92b2c6a533fe79d6fab6b507784858299f7109651f2d524d274,7.0.0-29-generic,AMD Ryzen 7 7800X3D 8-Core Processor,performance,off,0,none,0,0.75,6,7,1000112,1787017062391450054,53,0,0,702063380261,1787017078853130124,18299056,20417056,52081891,16,results/trials/20260818T013740Z-1/release-fast-boot/06/qemu.pcap
20260818T013740Z-1,30,0,whimbrel,release-fast-boot,c40945cdb71b5aef68c5e72e292a718b66ec651e,0,1e43a31023ec25f0154b3bc325554109fb988c451e0288b995f5295675fd19ca,QEMU emulator version 10.2.1 (Debian 1:10.2.1+ds-1ubuntu3.2),89a99b20357ac92b2c6a533fe79d6fab6b507784858299f7109651f2d524d274,7.0.0-29-generic,AMD Ryzen 7 7800X3D 8-Core Processor,performance,off,0,none,0,0.75,6,7,1000112,1787017062391450054,54,0,0,702354908878,1787017079144658770,18484277,20586277,52123349,17,results/trials/20260818T013740Z-1/release-fast-boot/30/qemu.pcap
20260818T013740Z-1,31,0,whimbrel,release-default,c40945cdb71b5aef68c5e72e292a718b66ec651e,0,801cae40af49e67cbd44bdaf14879a598e85f3f46ee39c5e4cdbe46ce2b503bf,QEMU emulator version 10.2.1 (Debian 1:10.2.1+ds-1ubuntu3.2),89a99b20357ac92b2c6a533fe79d6fab6b507784858299f7109651f2d524d274,7.0.0-29-generic,AMD Ryzen 7 7800X3D 8-Core Processor,performance,off,0,none,0,0.75,6,7,1000112,1787017062391450054,55,0,0,702643023703,1787017079432773535,18861511,29937511,123245269,16,results/trials/20260818T013740Z-1/release-default/31/qemu.pcap
20260818T013740Z-1,28,0,whimbrel,release-default,c40945cdb71b5aef68c5e72e292a718b66ec651e,0,801cae40af49e67cbd44bdaf14879a598e85f3f46ee39c5e4cdbe46ce2b503bf,QEMU emulator version 10.2.1 (Debian 1:10.2.1+ds-1ubuntu3.2),89a99b20357ac92b2c6a533fe79d6fab6b507784858299f7109651f2d524d274,7.0.0-29-generic,AMD Ryzen 7 7800X3D 8-Core Processor,performance,off,0,none,0,0.75,6,7,1000112,1787017062391450054,56,0,0,702988061632,1787017079777811505,18649530,29723530,122873325,17,results/trials/20260818T013740Z-1/release-default/28/qemu.pcap
20260818T013740Z-1,28,0,whimbrel,release-fast-boot,c40945cdb71b5aef68c5e72e292a718b66ec651e,0,1e43a31023ec25f0154b3bc325554109fb988c451e0288b995f5295675fd19ca,QEMU emulator version 10.2.1 (Debian 1:10.2.1+ds-1ubuntu3.2),89a99b20357ac92b2c6a533fe79d6fab6b507784858299f7109651f2d524d274,7.0.0-29-generic,AMD Ryzen 7 7800X3D 8-Core Processor,performance,off,0,none,0,0.75,6,7,1000112,1787017062391450054,57,0,0,703328708600,1787017080118458453,18779897,20897897,51851836,17,results/trials/20260818T013740Z-1/release-fast-boot/28/qemu.pcap
20260818T013740Z-1,29,0,whimbrel,release-fast-boot,c40945cdb71b5aef68c5e72e292a718b66ec651e,0,1e43a31023ec25f0154b3bc325554109fb988c451e0288b995f5295675fd19ca,QEMU emulator version 10.2.1 (Debian 1:10.2.1+ds-1ubuntu3.2),89a99b20357ac92b2c6a533fe79d6fab6b507784858299f7109651f2d524d274,7.0.0-29-generic,AMD Ryzen 7 7800X3D 8-Core Processor,performance,off,0,none,0,0.75,6,7,1000112,1787017062391450054,58,0,0,703620922744,1787017080410672577,18799113,20887113,51746476,17,results/trials/20260818T013740Z-1/release-fast-boot/29/qemu.pcap
20260818T013740Z-1,21,0,whimbrel,release-fast-boot,c40945cdb71b5aef68c5e72e292a718b66ec651e,0,1e43a31023ec25f0154b3bc325554109fb988c451e0288b995f5295675fd19ca,QEMU emulator version 10.2.1 (Debian 1:10.2.1+ds-1ubuntu3.2),89a99b20357ac92b2c6a533fe79d6fab6b507784858299f7109651f2d524d274,7.0.0-29-generic,AMD Ryzen 7 7800X3D 8-Core Processor,performance,off,0,none,0,0.75,6,7,1000112,1787017062391450054,59,0,0,703913377514,1787017080703127347,18962032,21082032,52347554,17,results/trials/20260818T013740Z-1/release-fast-boot/21/qemu.pcap
20260818T013740Z-1,26,0,whimbrel,release-fast-boot,c40945cdb71b5aef68c5e72e292a718b66ec651e,0,1e43a31023ec25f0154b3bc325554109fb988c451e0288b995f5295675fd19ca,QEMU emulator version 10.2.1 (Debian 1:10.2.1+ds-1ubuntu3.2),89a99b20357ac92b2c6a533fe79d6fab6b507784858299f7109651f2d524d274,7.0.0-29-generic,AMD Ryzen 7 7800X3D 8-Core Processor,performance,off,0,none,0,0.75,6,7,1000112,1787017062391450054,60,0,0,704204824196,1787017080994574069,18818339,20908339,52220343,17,results/trials/20260818T013740Z-1/release-fast-boot/26/qemu.pcap
20260818T013740Z-1,11,0,whimbrel,release-default,c40945cdb71b5aef68c5e72e292a718b66ec651e,0,801cae40af49e67cbd44bdaf14879a598e85f3f46ee39c5e4cdbe46ce2b503bf,QEMU emulator version 10.2.1 (Debian 1:10.2.1+ds-1ubuntu3.2),89a99b20357ac92b2c6a533fe79d6fab6b507784858299f7109651f2d524d274,7.0.0-29-generic,AMD Ryzen 7 7800X3D 8-Core Processor,performance,off,0,none,0,0.75,6,7,1000112,1787017062391450054,61,0,0,704496148777,1787017081285898609,18758596,29816596,122636166,17,results/trials/20260818T013740Z-1/release-default/11/qemu.pcap
20260818T013740Z-1,19,0,whimbrel,release-default,c40945cdb71b5aef68c5e72e292a718b66ec651e,0,801cae40af49e67cbd44bdaf14879a598e85f3f46ee39c5e4cdbe46ce2b503bf,QEMU emulator version 10.2.1 (Debian 1:10.2.1+ds-1ubuntu3.2),89a99b20357ac92b2c6a533fe79d6fab6b507784858299f7109651f2d524d274,7.0.0-29-generic,AMD Ryzen 7 7800X3D 8-Core Processor,performance,off,0,none,0,0.75,6,7,1000112,1787017062391450054,62,0,0,704840708190,1787017081630458013,18765871,29930871,123087190,17,results/trials/20260818T013740Z-1/release-default/19/qemu.pcap
20260818T013740Z-1,32,0,whimbrel,release-fast-boot,c40945cdb71b5aef68c5e72e292a718b66ec651e,0,1e43a31023ec25f0154b3bc325554109fb988c451e0288b995f5295675fd19ca,QEMU emulator version 10.2.1 (Debian 1:10.2.1+ds-1ubuntu3.2),89a99b20357ac92b2c6a533fe79d6fab6b507784858299f7109651f2d524d274,7.0.0-29-generic,AMD Ryzen 7 7800X3D 8-Core Processor,performance,off,0,none,0,0.75,6,7,1000112,1787017062391450054,63,0,0,705182494044,1787017081972243867,18912898,21002898,52083394,17,results/trials/20260818T013740Z-1/release-fast-boot/32/qemu.pcap
20260818T013740Z-1,21,0,whimbrel,release-default,c40945cdb71b5aef68c5e72e292a718b66ec651e,0,801cae40af49e67cbd44bdaf14879a598e85f3f46ee39c5e4cdbe46ce2b503bf,QEMU emulator version 10.2.1 (Debian 1:10.2.1+ds-1ubuntu3.2),89a99b20357ac92b2c6a533fe79d6fab6b507784858299f7109651f2d524d274,7.0.0-29-generic,AMD Ryzen 7 7800X3D 8-Core Processor,performance,off,0,none,0,0.75,6,7,1000112,1787017062391450054,64,0,0,705471828959,1787017082261578781,18754589,29871589,123552641,16,results/trials/20260818T013740Z-1/release-default/21/qemu.pcap
20260818T013740Z-1,25,0,whimbrel,release-default,c40945cdb71b5aef68c5e72e292a718b66ec651e,0,801cae40af49e67cbd44bdaf14879a598e85f3f46ee39c5e4cdbe46ce2b503bf,QEMU emulator version 10.2.1 (Debian 1:10.2.1+ds-1ubuntu3.2),89a99b20357ac92b2c6a533fe79d6fab6b507784858299f7109651f2d524d274,7.0.0-29-generic,AMD Ryzen 7 7800X3D 8-Core Processor,performance,off,0,none,0,0.75,6,7,1000112,1787017062391450054,65,0,0,705814160205,1787017082603910028,18858886,29967886,122882713,17,results/trials/20260818T013740Z-1/release-default/25/qemu.pcap
20260818T013740Z-1,14,0,whimbrel,release-fast-boot,c40945cdb71b5aef68c5e72e292a718b66ec651e,0,1e43a31023ec25f0154b3bc325554109fb988c451e0288b995f5295675fd19ca,QEMU emulator version 10.2.1 (Debian 1:10.2.1+ds-1ubuntu3.2),89a99b20357ac92b2c6a533fe79d6fab6b507784858299f7109651f2d524d274,7.0.0-29-generic,AMD Ryzen 7 7800X3D 8-Core Processor,performance,off,0,none,0,0.75,6,7,1000112,1787017062391450054,66,0,0,706157933942,1787017082947683784,18941172,21046172,51748700,17,results/trials/20260818T013740Z-1/release-fast-boot/14/qemu.pcap
20260818T013740Z-2,1,1,whimbrel,release-default,c40945cdb71b5aef68c5e72e292a718b66ec651e,0,801cae40af49e67cbd44bdaf14879a598e85f3f46ee39c5e4cdbe46ce2b503bf,QEMU emulator version 10.2.1 (Debian 1:10.2.1+ds-1ubuntu3.2),89a99b20357ac92b2c6a533fe79d6fab6b507784858299f7109651f2d524d274,7.0.0-29-generic,AMD Ryzen 7 7800X3D 8-Core Processor,performance,off,0,none,0,0.75,6,7,1000112,1787017062391450054,67,0,0,706448150705,1787017083237900538,18649340,29751340,122515648,17,results/trials/20260818T013740Z-2/release-default/01/qemu.pcap
20260818T013740Z-2,1,1,whimbrel,release-fast-boot,c40945cdb71b5aef68c5e72e292a718b66ec651e,0,1e43a31023ec25f0154b3bc325554109fb988c451e0288b995f5295675fd19ca,QEMU emulator version 10.2.1 (Debian 1:10.2.1+ds-1ubuntu3.2),89a99b20357ac92b2c6a533fe79d6fab6b507784858299f7109651f2d524d274,7.0.0-29-generic,AMD Ryzen 7 7800X3D 8-Core Processor,performance,off,0,none,0,0.75,6,7,1000112,1787017062391450054,68,0,0,706791273049,1787017083581022971,18969405,21092405,52912092,17,results/trials/20260818T013740Z-2/release-fast-boot/01/qemu.pcap
20260818T013740Z-2,2,1,whimbrel,release-default,c40945cdb71b5aef68c5e72e292a718b66ec651e,0,801cae40af49e67cbd44bdaf14879a598e85f3f46ee39c5e4cdbe46ce2b503bf,QEMU emulator version 10.2.1 (Debian 1:10.2.1+ds-1ubuntu3.2),89a99b20357ac92b2c6a533fe79d6fab6b507784858299f7109651f2d524d274,7.0.0-29-generic,AMD Ryzen 7 7800X3D 8-Core Processor,performance,off,0,none,0,0.75,6,7,1000112,1787017062391450054,69,0,0,707084150588,1787017083873900411,18743298,29919298,123088183,17,results/trials/20260818T013740Z-2/release-default/02/qemu.pcap
20260818T013740Z-2,2,1,whimbrel,release-fast-boot,c40945cdb71b5aef68c5e72e292a718b66ec651e,0,1e43a31023ec25f0154b3bc325554109fb988c451e0288b995f5295675fd19ca,QEMU emulator version 10.2.1 (Debian 1:10.2.1+ds-1ubuntu3.2),89a99b20357ac92b2c6a533fe79d6fab6b507784858299f7109651f2d524d274,7.0.0-29-generic,AMD Ryzen 7 7800X3D 8-Core Processor,performance,off,0,none,0,0.75,6,7,1000112,1787017062391450054,70,0,0,707427375466,1787017084217125309,18940701,21059701,52217828,17,results/trials/20260818T013740Z-2/release-fast-boot/02/qemu.pcap
20260818T013740Z-2,3,1,whimbrel,release-default,c40945cdb71b5aef68c5e72e292a718b66ec651e,0,801cae40af49e67cbd44bdaf14879a598e85f3f46ee39c5e4cdbe46ce2b503bf,QEMU emulator version 10.2.1 (Debian 1:10.2.1+ds-1ubuntu3.2),89a99b20357ac92b2c6a533fe79d6fab6b507784858299f7109651f2d524d274,7.0.0-29-generic,AMD Ryzen 7 7800X3D 8-Core Processor,performance,off,0,none,0,0.75,6,7,1000112,1787017062391450054,71,0,0,707717705194,1787017084507455006,18634902,29720902,122958766,17,results/trials/20260818T013740Z-2/release-default/03/qemu.pcap
20260818T013740Z-2,3,1,whimbrel,release-fast-boot,c40945cdb71b5aef68c5e72e292a718b66ec651e,0,1e43a31023ec25f0154b3bc325554109fb988c451e0288b995f5295675fd19ca,QEMU emulator version 10.2.1 (Debian 1:10.2.1+ds-1ubuntu3.2),89a99b20357ac92b2c6a533fe79d6fab6b507784858299f7109651f2d524d274,7.0.0-29-generic,AMD Ryzen 7 7800X3D 8-Core Processor,performance,off,0,none,0,0.75,6,7,1000112,1787017062391450054,72,0,0,708058593288,1787017084848343131,18151978,20248978,51851876,16,results/trials/20260818T013740Z-2/release-fast-boot/03/qemu.pcap
20260818T013740Z-2,20,0,whimbrel,release-default,c40945cdb71b5aef68c5e72e292a718b66ec651e,0,801cae40af49e67cbd44bdaf14879a598e85f3f46ee39c5e4cdbe46ce2b503bf,QEMU emulator version 10.2.1 (Debian 1:10.2.1+ds-1ubuntu3.2),89a99b20357ac92b2c6a533fe79d6fab6b507784858299f7109651f2d524d274,7.0.0-29-generic,AMD Ryzen 7 7800X3D 8-Core Processor,performance,off,0,none,0,0.75,6,7,1000112,1787017062391450054,73,0,0,708348148009,1787017085137897791,18931123,30031123,122887422,17,results/trials/20260818T013740Z-2/release-default/20/qemu.pcap
20260818T013740Z-2,26,0,whimbrel,release-fast-boot,c40945cdb71b5aef68c5e72e292a718b66ec651e,0,1e43a31023ec25f0154b3bc325554109fb988c451e0288b995f5295675fd19ca,QEMU emulator version 10.2.1 (Debian 1:10.2.1+ds-1ubuntu3.2),89a99b20357ac92b2c6a533fe79d6fab6b507784858299f7109651f2d524d274,7.0.0-29-generic,AMD Ryzen 7 7800X3D 8-Core Processor,performance,off,0,none,0,0.75,6,7,1000112,1787017062391450054,74,0,0,708690153949,1787017085479903772,18900976,21009976,53013765,17,results/trials/20260818T013740Z-2/release-fast-boot/26/qemu.pcap
20260818T013740Z-2,28,0,whimbrel,release-default,c40945cdb71b5aef68c5e72e292a718b66ec651e,0,801cae40af49e67cbd44bdaf14879a598e85f3f46ee39c5e4cdbe46ce2b503bf,QEMU emulator version 10.2.1 (Debian 1:10.2.1+ds-1ubuntu3.2),89a99b20357ac92b2c6a533fe79d6fab6b507784858299f7109651f2d524d274,7.0.0-29-generic,AMD Ryzen 7 7800X3D 8-Core Processor,performance,off,0,none,0,0.75,6,7,1000112,1787017062391450054,75,0,0,708980267608,1787017085770017430,18883503,29964503,123017939,17,results/trials/20260818T013740Z-2/release-default/28/qemu.pcap
20260818T013740Z-2,29,0,whimbrel,release-fast-boot,c40945cdb71b5aef68c5e72e292a718b66ec651e,0,1e43a31023ec25f0154b3bc325554109fb988c451e0288b995f5295675fd19ca,QEMU emulator version 10.2.1 (Debian 1:10.2.1+ds-1ubuntu3.2),89a99b20357ac92b2c6a533fe79d6fab6b507784858299f7109651f2d524d274,7.0.0-29-generic,AMD Ryzen 7 7800X3D 8-Core Processor,performance,off,0,none,0,0.75,6,7,1000112,1787017062391450054,76,0,0,709321036016,1787017086110785849,18475320,20610320,52094956,16,results/trials/20260818T013740Z-2/release-fast-boot/29/qemu.pcap
20260818T013740Z-2,19,0,whimbrel,release-default,c40945cdb71b5aef68c5e72e292a718b66ec651e,0,801cae40af49e67cbd44bdaf14879a598e85f3f46ee39c5e4cdbe46ce2b503bf,QEMU emulator version 10.2.1 (Debian 1:10.2.1+ds-1ubuntu3.2),89a99b20357ac92b2c6a533fe79d6fab6b507784858299f7109651f2d524d274,7.0.0-29-generic,AMD Ryzen 7 7800X3D 8-Core Processor,performance,off,0,none,0,0.75,6,7,1000112,1787017062391450054,77,0,0,709611575130,1787017086401325143,18917136,30013136,124604171,17,results/trials/20260818T013740Z-2/release-default/19/qemu.pcap
20260818T013740Z-2,33,0,whimbrel,release-default,c40945cdb71b5aef68c5e72e292a718b66ec651e,0,801cae40af49e67cbd44bdaf14879a598e85f3f46ee39c5e4cdbe46ce2b503bf,QEMU emulator version 10.2.1 (Debian 1:10.2.1+ds-1ubuntu3.2),89a99b20357ac92b2c6a533fe79d6fab6b507784858299f7109651f2d524d274,7.0.0-29-generic,AMD Ryzen 7 7800X3D 8-Core Processor,performance,off,0,none,0,0.75,6,7,1000112,1787017062391450054,78,0,0,709955564805,1787017086745314667,19030431,30121431,122722359,17,results/trials/20260818T013740Z-2/release-default/33/qemu.pcap
20260818T013740Z-2,16,0,whimbrel,release-fast-boot,c40945cdb71b5aef68c5e72e292a718b66ec651e,0,1e43a31023ec25f0154b3bc325554109fb988c451e0288b995f5295675fd19ca,QEMU emulator version 10.2.1 (Debian 1:10.2.1+ds-1ubuntu3.2),89a99b20357ac92b2c6a533fe79d6fab6b507784858299f7109651f2d524d274,7.0.0-29-generic,AMD Ryzen 7 7800X3D 8-Core Processor,performance,off,0,none,0,0.75,6,7,1000112,1787017062391450054,79,0,0,710298263417,1787017087088013239,18740622,20830622,52119492,17,results/trials/20260818T013740Z-2/release-fast-boot/16/qemu.pcap
20260818T013740Z-2,8,0,whimbrel,release-fast-boot,c40945cdb71b5aef68c5e72e292a718b66ec651e,0,1e43a31023ec25f0154b3bc325554109fb988c451e0288b995f5295675fd19ca,QEMU emulator version 10.2.1 (Debian 1:10.2.1+ds-1ubuntu3.2),89a99b20357ac92b2c6a533fe79d6fab6b507784858299f7109651f2d524d274,7.0.0-29-generic,AMD Ryzen 7 7800X3D 8-Core Processor,performance,off,0,none,0,0.75,6,7,1000112,1787017062391450054,80,0,0,710591597361,1787017087381347183,18745130,20846130,52029842,17,results/trials/20260818T013740Z-2/release-fast-boot/08/qemu.pcap
20260818T013740Z-2,12,0,whimbrel,release-fast-boot,c40945cdb71b5aef68c5e72e292a718b66ec651e,0,1e43a31023ec25f0154b3bc325554109fb988c451e0288b995f5295675fd19ca,QEMU emulator version 10.2.1 (Debian 1:10.2.1+ds-1ubuntu3.2),89a99b20357ac92b2c6a533fe79d6fab6b507784858299f7109651f2d524d274,7.0.0-29-generic,AMD Ryzen 7 7800X3D 8-Core Processor,performance,off,0,none,0,0.75,6,7,1000112,1787017062391450054,81,0,0,710885040211,1787017087674790033,19007117,21134117,53151636,17,results/trials/20260818T013740Z-2/release-fast-boot/12/qemu.pcap
20260818T013740Z-2,28,0,whimbrel,release-fast-boot,c40945cdb71b5aef68c5e72e292a718b66ec651e,0,1e43a31023ec25f0154b3bc325554109fb988c451e0288b995f5295675fd19ca,QEMU emulator version 10.2.1 (Debian 1:10.2.1+ds-1ubuntu3.2),89a99b20357ac92b2c6a533fe79d6fab6b507784858299f7109651f2d524d274,7.0.0-29-generic,AMD Ryzen 7 7800X3D 8-Core Processor,performance,off,0,none,0,0.75,6,7,1000112,1787017062391450054,82,0,0,711179034094,1787017087968783937,18701328,20823328,52450669,17,results/trials/20260818T013740Z-2/release-fast-boot/28/qemu.pcap
20260818T013740Z-2,8,0,whimbrel,release-default,c40945cdb71b5aef68c5e72e292a718b66ec651e,0,801cae40af49e67cbd44bdaf14879a598e85f3f46ee39c5e4cdbe46ce2b503bf,QEMU emulator version 10.2.1 (Debian 1:10.2.1+ds-1ubuntu3.2),89a99b20357ac92b2c6a533fe79d6fab6b507784858299f7109651f2d524d274,7.0.0-29-generic,AMD Ryzen 7 7800X3D 8-Core Processor,performance,off,0,none,0,0.75,6,7,1000112,1787017062391450054,83,0,0,711470822273,1787017088260572105,18702329,29887329,122841695,17,results/trials/20260818T013740Z-2/release-default/08/qemu.pcap
20260818T013740Z-2,14,0,whimbrel,release-fast-boot,c40945cdb71b5aef68c5e72e292a718b66ec651e,0,1e43a31023ec25f0154b3bc325554109fb988c451e0288b995f5295675fd19ca,QEMU emulator version 10.2.1 (Debian 1:10.2.1+ds-1ubuntu3.2),89a99b20357ac92b2c6a533fe79d6fab6b507784858299f7109651f2d524d274,7.0.0-29-generic,AMD Ryzen 7 7800X3D 8-Core Processor,performance,off,0,none,0,0.75,6,7,1000112,1787017062391450054,84,0,0,711815379081,1787017088605128854,18661513,20765513,52141354,17,results/trials/20260818T013740Z-2/release-fast-boot/14/qemu.pcap
20260818T013740Z-2,7,0,whimbrel,release-fast-boot,c40945cdb71b5aef68c5e72e292a718b66ec651e,0,1e43a31023ec25f0154b3bc325554109fb988c451e0288b995f5295675fd19ca,QEMU emulator version 10.2.1 (Debian 1:10.2.1+ds-1ubuntu3.2),89a99b20357ac92b2c6a533fe79d6fab6b507784858299f7109651f2d524d274,7.0.0-29-generic,AMD Ryzen 7 7800X3D 8-Core Processor,performance,off,0,none,0,0.75,6,7,1000112,1787017062391450054,85,0,0,712105931090,1787017088895680912,18740672,20848672,51907220,17,results/trials/20260818T013740Z-2/release-fast-boot/07/qemu.pcap
20260818T013740Z-2,10,0,whimbrel,release-default,c40945cdb71b5aef68c5e72e292a718b66ec651e,0,801cae40af49e67cbd44bdaf14879a598e85f3f46ee39c5e4cdbe46ce2b503bf,QEMU emulator version 10.2.1 (Debian 1:10.2.1+ds-1ubuntu3.2),89a99b20357ac92b2c6a533fe79d6fab6b507784858299f7109651f2d524d274,7.0.0-29-generic,AMD Ryzen 7 7800X3D 8-Core Processor,performance,off,0,none,0,0.75,6,7,1000112,1787017062391450054,86,0,0,712401584794,1787017089191334617,19060558,30106558,122661855,17,results/trials/20260818T013740Z-2/release-default/10/qemu.pcap
20260818T013740Z-2,7,0,whimbrel,release-default,c40945cdb71b5aef68c5e72e292a718b66ec651e,0,801cae40af49e67cbd44bdaf14879a598e85f3f46ee39c5e4cdbe46ce2b503bf,QEMU emulator version 10.2.1 (Debian 1:10.2.1+ds-1ubuntu3.2),89a99b20357ac92b2c6a533fe79d6fab6b507784858299f7109651f2d524d274,7.0.0-29-generic,AMD Ryzen 7 7800X3D 8-Core Processor,performance,off,0,none,0,0.75,6,7,1000112,1787017062391450054,87,0,0,712745818321,1787017089535568134,18052350,29121350,122525728,16,results/trials/20260818T013740Z-2/release-default/07/qemu.pcap
20260818T013740Z-2,22,0,whimbrel,release-fast-boot,c40945cdb71b5aef68c5e72e292a718b66ec651e,0,1e43a31023ec25f0154b3bc325554109fb988c451e0288b995f5295675fd19ca,QEMU emulator version 10.2.1 (Debian 1:10.2.1+ds-1ubuntu3.2),89a99b20357ac92b2c6a533fe79d6fab6b507784858299f7109651f2d524d274,7.0.0-29-generic,AMD Ryzen 7 7800X3D 8-Core Processor,performance,off,0,none,0,0.75,6,7,1000112,1787017062391450054,88,0,0,713089262865,1787017089879012707,18573927,20664927,51690770,17,results/trials/20260818T013740Z-2/release-fast-boot/22/qemu.pcap
20260818T013740Z-2,9,0,whimbrel,release-default,c40945cdb71b5aef68c5e72e292a718b66ec651e,0,801cae40af49e67cbd44bdaf14879a598e85f3f46ee39c5e4cdbe46ce2b503bf,QEMU emulator version 10.2.1 (Debian 1:10.2.1+ds-1ubuntu3.2),89a99b20357ac92b2c6a533fe79d6fab6b507784858299f7109651f2d524d274,7.0.0-29-generic,AMD Ryzen 7 7800X3D 8-Core Processor,performance,off,0,none,0,0.75,6,7,1000112,1787017062391450054,89,0,0,713385819779,1787017090175569622,19038176,30121176,122500099,17,results/trials/20260818T013740Z-2/release-default/09/qemu.pcap
20260818T013740Z-2,32,0,whimbrel,release-default,c40945cdb71b5aef68c5e72e292a718b66ec651e,0,801cae40af49e67cbd44bdaf14879a598e85f3f46ee39c5e4cdbe46ce2b503bf,QEMU emulator version 10.2.1 (Debian 1:10.2.1+ds-1ubuntu3.2),89a99b20357ac92b2c6a533fe79d6fab6b507784858299f7109651f2d524d274,7.0.0-29-generic,AMD Ryzen 7 7800X3D 8-Core Processor,performance,off,0,none,0,0.75,6,7,1000112,1787017062391450054,90,0,0,713731151425,1787017090520901288,18842014,30007014,123320912,17,results/trials/20260818T013740Z-2/release-default/32/qemu.pcap
20260818T013740Z-2,4,0,whimbrel,release-fast-boot,c40945cdb71b5aef68c5e72e292a718b66ec651e,0,1e43a31023ec25f0154b3bc325554109fb988c451e0288b995f5295675fd19ca,QEMU emulator version 10.2.1 (Debian 1:10.2.1+ds-1ubuntu3.2),89a99b20357ac92b2c6a533fe79d6fab6b507784858299f7109651f2d524d274,7.0.0-29-generic,AMD Ryzen 7 7800X3D 8-Core Processor,performance,off,0,none,0,0.75,6,7,1000112,1787017062391450054,91,0,0,714074149463,1787017090863899306,18636796,20746796,52348846,17,results/trials/20260818T013740Z-2/release-fast-boot/04/qemu.pcap
20260818T013740Z-2,23,0,whimbrel,release-fast-boot,c40945cdb71b5aef68c5e72e292a718b66ec651e,0,1e43a31023ec25f0154b3bc325554109fb988c451e0288b995f5295675fd19ca,QEMU emulator version 10.2.1 (Debian 1:10.2.1+ds-1ubuntu3.2),89a99b20357ac92b2c6a533fe79d6fab6b507784858299f7109651f2d524d274,7.0.0-29-generic,AMD Ryzen 7 7800X3D 8-Core Processor,performance,off,0,none,0,0.75,6,7,1000112,1787017062391450054,92,0,0,714365035835,1787017091154785687,18668816,20798816,52262212,16,results/trials/20260818T013740Z-2/release-fast-boot/23/qemu.pcap
20260818T013740Z-2,19,0,whimbrel,release-fast-boot,c40945cdb71b5aef68c5e72e292a718b66ec651e,0,1e43a31023ec25f0154b3bc325554109fb988c451e0288b995f5295675fd19ca,QEMU emulator version 10.2.1 (Debian 1:10.2.1+ds-1ubuntu3.2),89a99b20357ac92b2c6a533fe79d6fab6b507784858299f7109651f2d524d274,7.0.0-29-generic,AMD Ryzen 7 7800X3D 8-Core Processor,performance,off,0,none,0,0.75,6,7,1000112,1787017062391450054,93,0,0,714660157412,1787017091449907235,18894053,21012053,51968086,17,results/trials/20260818T013740Z-2/release-fast-boot/19/qemu.pcap
20260818T013740Z-2,13,0,whimbrel,release-default,c40945cdb71b5aef68c5e72e292a718b66ec651e,0,801cae40af49e67cbd44bdaf14879a598e85f3f46ee39c5e4cdbe46ce2b503bf,QEMU emulator version 10.2.1 (Debian 1:10.2.1+ds-1ubuntu3.2),89a99b20357ac92b2c6a533fe79d6fab6b507784858299f7109651f2d524d274,7.0.0-29-generic,AMD Ryzen 7 7800X3D 8-Core Processor,performance,off,0,none,0,0.75,6,7,1000112,1787017062391450054,94,0,0,714954819560,1787017091744569383,18819873,30389873,123678429,17,results/trials/20260818T013740Z-2/release-default/13/qemu.pcap
20260818T013740Z-2,17,0,whimbrel,release-fast-boot,c40945cdb71b5aef68c5e72e292a718b66ec651e,0,1e43a31023ec25f0154b3bc325554109fb988c451e0288b995f5295675fd19ca,QEMU emulator version 10.2.1 (Debian 1:10.2.1+ds-1ubuntu3.2),89a99b20357ac92b2c6a533fe79d6fab6b507784858299f7109651f2d524d274,7.0.0-29-generic,AMD Ryzen 7 7800X3D 8-Core Processor,performance,off,0,none,0,0.75,6,7,1000112,1787017062391450054,95,0,0,715298488348,1787017092088238171,18617590,20750590,52113701,17,results/trials/20260818T013740Z-2/release-fast-boot/17/qemu.pcap
20260818T013740Z-2,26,0,whimbrel,release-default,c40945cdb71b5aef68c5e72e292a718b66ec651e,0,801cae40af49e67cbd44bdaf14879a598e85f3f46ee39c5e4cdbe46ce2b503bf,QEMU emulator version 10.2.1 (Debian 1:10.2.1+ds-1ubuntu3.2),89a99b20357ac92b2c6a533fe79d6fab6b507784858299f7109651f2d524d274,7.0.0-29-generic,AMD Ryzen 7 7800X3D 8-Core Processor,performance,off,0,none,0,0.75,6,7,1000112,1787017062391450054,96,0,0,715591263554,1787017092381013387,18969105,30008105,123929204,17,results/trials/20260818T013740Z-2/release-default/26/qemu.pcap
20260818T013740Z-2,22,0,whimbrel,release-default,c40945cdb71b5aef68c5e72e292a718b66ec651e,0,801cae40af49e67cbd44bdaf14879a598e85f3f46ee39c5e4cdbe46ce2b503bf,QEMU emulator version 10.2.1 (Debian 1:10.2.1+ds-1ubuntu3.2),89a99b20357ac92b2c6a533fe79d6fab6b507784858299f7109651f2d524d274,7.0.0-29-generic,AMD Ryzen 7 7800X3D 8-Core Processor,performance,off,0,none,0,0.75,6,7,1000112,1787017062391450054,97,0,0,715934710633,1787017092724460496,18720244,29849244,122665552,17,results/trials/20260818T013740Z-2/release-default/22/qemu.pcap
20260818T013740Z-2,12,0,whimbrel,release-default,c40945cdb71b5aef68c5e72e292a718b66ec651e,0,801cae40af49e67cbd44bdaf14879a598e85f3f46ee39c5e4cdbe46ce2b503bf,QEMU emulator version 10.2.1 (Debian 1:10.2.1+ds-1ubuntu3.2),89a99b20357ac92b2c6a533fe79d6fab6b507784858299f7109651f2d524d274,7.0.0-29-generic,AMD Ryzen 7 7800X3D 8-Core Processor,performance,off,0,none,0,0.75,6,7,1000112,1787017062391450054,98,0,0,716275824164,1787017093065573997,19201405,32616405,125260294,17,results/trials/20260818T013740Z-2/release-default/12/qemu.pcap
20260818T013740Z-2,31,0,whimbrel,release-fast-boot,c40945cdb71b5aef68c5e72e292a718b66ec651e,0,1e43a31023ec25f0154b3bc325554109fb988c451e0288b995f5295675fd19ca,QEMU emulator version 10.2.1 (Debian 1:10.2.1+ds-1ubuntu3.2),89a99b20357ac92b2c6a533fe79d6fab6b507784858299f7109651f2d524d274,7.0.0-29-generic,AMD Ryzen 7 7800X3D 8-Core Processor,performance,off,0,none,0,0.75,6,7,1000112,1787017062391450054,99,0,0,716619559007,1787017093409308830,18911616,21016616,52339809,17,results/trials/20260818T013740Z-2/release-fast-boot/31/qemu.pcap
20260818T013740Z-2,32,0,whimbrel,release-fast-boot,c40945cdb71b5aef68c5e72e292a718b66ec651e,0,1e43a31023ec25f0154b3bc325554109fb988c451e0288b995f5295675fd19ca,QEMU emulator version 10.2.1 (Debian 1:10.2.1+ds-1ubuntu3.2),89a99b20357ac92b2c6a533fe79d6fab6b507784858299f7109651f2d524d274,7.0.0-29-generic,AMD Ryzen 7 7800X3D 8-Core Processor,performance,off,0,none,0,0.75,6,7,1000112,1787017062391450054,100,0,0,716912931625,1787017093702681448,18843156,20938156,51869669,17,results/trials/20260818T013740Z-2/release-fast-boot/32/qemu.pcap
20260818T013740Z-2,21,0,whimbrel,release-default,c40945cdb71b5aef68c5e72e292a718b66ec651e,0,801cae40af49e67cbd44bdaf14879a598e85f3f46ee39c5e4cdbe46ce2b503bf,QEMU emulator version 10.2.1 (Debian 1:10.2.1+ds-1ubuntu3.2),89a99b20357ac92b2c6a533fe79d6fab6b507784858299f7109651f2d524d274,7.0.0-29-generic,AMD Ryzen 7 7800X3D 8-Core Processor,performance,off,0,none,0,0.75,6,7,1000112,1787017062391450054,101,0,0,717203037268,1787017093992787101,18765440,29843440,124272694,17,results/trials/20260818T013740Z-2/release-default/21/qemu.pcap
20260818T013740Z-2,13,0,whimbrel,release-fast-boot,c40945cdb71b5aef68c5e72e292a718b66ec651e,0,1e43a31023ec25f0154b3bc325554109fb988c451e0288b995f5295675fd19ca,QEMU emulator version 10.2.1 (Debian 1:10.2.1+ds-1ubuntu3.2),89a99b20357ac92b2c6a533fe79d6fab6b507784858299f7109651f2d524d274,7.0.0-29-generic,AMD Ryzen 7 7800X3D 8-Core Processor,performance,off,0,none,0,0.75,6,7,1000112,1787017062391450054,102,0,0,717547935313,1787017094337685155,18801567,20905567,52172813,17,results/trials/20260818T013740Z-2/release-fast-boot/13/qemu.pcap
20260818T013740Z-2,29,0,whimbrel,release-default,c40945cdb71b5aef68c5e72e292a718b66ec651e,0,801cae40af49e67cbd44bdaf14879a598e85f3f46ee39c5e4cdbe46ce2b503bf,QEMU emulator version 10.2.1 (Debian 1:10.2.1+ds-1ubuntu3.2),89a99b20357ac92b2c6a533fe79d6fab6b507784858299f7109651f2d524d274,7.0.0-29-generic,AMD Ryzen 7 7800X3D 8-Core Processor,performance,off,0,none,0,0.75,6,7,1000112,1787017062391450054,103,0,0,717839601831,1787017094629351664,18868404,29930404,122722029,17,results/trials/20260818T013740Z-2/release-default/29/qemu.pcap
20260818T013740Z-2,5,0,whimbrel,release-default,c40945cdb71b5aef68c5e72e292a718b66ec651e,0,801cae40af49e67cbd44bdaf14879a598e85f3f46ee39c5e4cdbe46ce2b503bf,QEMU emulator version 10.2.1 (Debian 1:10.2.1+ds-1ubuntu3.2),89a99b20357ac92b2c6a533fe79d6fab6b507784858299f7109651f2d524d274,7.0.0-29-generic,AMD Ryzen 7 7800X3D 8-Core Processor,performance,off,0,none,0,0.75,6,7,1000112,1787017062391450054,104,0,0,718186151592,1787017094975901425,18097555,29127555,122136661,16,results/trials/20260818T013740Z-2/release-default/05/qemu.pcap
20260818T013740Z-2,4,0,whimbrel,release-default,c40945cdb71b5aef68c5e72e292a718b66ec651e,0,801cae40af49e67cbd44bdaf14879a598e85f3f46ee39c5e4cdbe46ce2b503bf,QEMU emulator version 10.2.1 (Debian 1:10.2.1+ds-1ubuntu3.2),89a99b20357ac92b2c6a533fe79d6fab6b507784858299f7109651f2d524d274,7.0.0-29-generic,AMD Ryzen 7 7800X3D 8-Core Processor,performance,off,0,none,0,0.75,6,7,1000112,1787017062391450054,105,0,0,718529497539,1787017095319247381,18876138,29965138,122600769,17,results/trials/20260818T013740Z-2/release-default/04/qemu.pcap
20260818T013740Z-2,9,0,whimbrel,release-fast-boot,c40945cdb71b5aef68c5e72e292a718b66ec651e,0,1e43a31023ec25f0154b3bc325554109fb988c451e0288b995f5295675fd19ca,QEMU emulator version 10.2.1 (Debian 1:10.2.1+ds-1ubuntu3.2),89a99b20357ac92b2c6a533fe79d6fab6b507784858299f7109651f2d524d274,7.0.0-29-generic,AMD Ryzen 7 7800X3D 8-Core Processor,performance,off,0,none,0,0.75,6,7,1000112,1787017062391450054,106,0,0,718873592573,1787017095663342396,18701659,20813659,51950543,17,results/trials/20260818T013740Z-2/release-fast-boot/09/qemu.pcap
20260818T013740Z-2,10,0,whimbrel,release-fast-boot,c40945cdb71b5aef68c5e72e292a718b66ec651e,0,1e43a31023ec25f0154b3bc325554109fb988c451e0288b995f5295675fd19ca,QEMU emulator version 10.2.1 (Debian 1:10.2.1+ds-1ubuntu3.2),89a99b20357ac92b2c6a533fe79d6fab6b507784858299f7109651f2d524d274,7.0.0-29-generic,AMD Ryzen 7 7800X3D 8-Core Processor,performance,off,0,none,0,0.75,6,7,1000112,1787017062391450054,107,0,0,719165373137,1787017095955122980,18982180,21075180,51932428,17,results/trials/20260818T013740Z-2/release-fast-boot/10/qemu.pcap
20260818T013740Z-2,25,0,whimbrel,release-default,c40945cdb71b5aef68c5e72e292a718b66ec651e,0,801cae40af49e67cbd44bdaf14879a598e85f3f46ee39c5e4cdbe46ce2b503bf,QEMU emulator version 10.2.1 (Debian 1:10.2.1+ds-1ubuntu3.2),89a99b20357ac92b2c6a533fe79d6fab6b507784858299f7109651f2d524d274,7.0.0-29-generic,AMD Ryzen 7 7800X3D 8-Core Processor,performance,off,0,none,0,0.75,6,7,1000112,1787017062391450054,108,0,0,719459041033,1787017096248790846,18622960,29731960,123206005,17,results/trials/20260818T013740Z-2/release-default/25/qemu.pcap
20260818T013740Z-2,15,0,whimbrel,release-fast-boot,c40945cdb71b5aef68c5e72e292a718b66ec651e,0,1e43a31023ec25f0154b3bc325554109fb988c451e0288b995f5295675fd19ca,QEMU emulator version 10.2.1 (Debian 1:10.2.1+ds-1ubuntu3.2),89a99b20357ac92b2c6a533fe79d6fab6b507784858299f7109651f2d524d274,7.0.0-29-generic,AMD Ryzen 7 7800X3D 8-Core Processor,performance,off,0,none,0,0.75,6,7,1000112,1787017062391450054,109,0,0,719803154493,1787017096592904306,19053024,21165024,52148597,17,results/trials/20260818T013740Z-2/release-fast-boot/15/qemu.pcap
20260818T013740Z-2,20,0,whimbrel,release-fast-boot,c40945cdb71b5aef68c5e72e292a718b66ec651e,0,1e43a31023ec25f0154b3bc325554109fb988c451e0288b995f5295675fd19ca,QEMU emulator version 10.2.1 (Debian 1:10.2.1+ds-1ubuntu3.2),89a99b20357ac92b2c6a533fe79d6fab6b507784858299f7109651f2d524d274,7.0.0-29-generic,AMD Ryzen 7 7800X3D 8-Core Processor,performance,off,0,none,0,0.75,6,7,1000112,1787017062391450054,110,0,0,720094819969,1787017096884569792,18865308,20956308,52011448,17,results/trials/20260818T013740Z-2/release-fast-boot/20/qemu.pcap
20260818T013740Z-2,16,0,whimbrel,release-default,c40945cdb71b5aef68c5e72e292a718b66ec651e,0,801cae40af49e67cbd44bdaf14879a598e85f3f46ee39c5e4cdbe46ce2b503bf,QEMU emulator version 10.2.1 (Debian 1:10.2.1+ds-1ubuntu3.2),89a99b20357ac92b2c6a533fe79d6fab6b507784858299f7109651f2d524d274,7.0.0-29-generic,AMD Ryzen 7 7800X3D 8-Core Processor,performance,off,0,none,0,0.75,6,7,1000112,1787017062391450054,111,0,0,720386148127,1787017097175897989,18697260,29787260,123068665,17,results/trials/20260818T013740Z-2/release-default/16/qemu.pcap
20260818T013740Z-2,24,0,whimbrel,release-default,c40945cdb71b5aef68c5e72e292a718b66ec651e,0,801cae40af49e67cbd44bdaf14879a598e85f3f46ee39c5e4cdbe46ce2b503bf,QEMU emulator version 10.2.1 (Debian 1:10.2.1+ds-1ubuntu3.2),89a99b20357ac92b2c6a533fe79d6fab6b507784858299f7109651f2d524d274,7.0.0-29-generic,AMD Ryzen 7 7800X3D 8-Core Processor,performance,off,0,none,0,0.75,6,7,1000112,1787017062391450054,112,0,0,720730155005,1787017097519904847,18829590,29953590,122448912,17,results/trials/20260818T013740Z-2/release-default/24/qemu.pcap
20260818T013740Z-2,17,0,whimbrel,release-default,c40945cdb71b5aef68c5e72e292a718b66ec651e,0,801cae40af49e67cbd44bdaf14879a598e85f3f46ee39c5e4cdbe46ce2b503bf,QEMU emulator version 10.2.1 (Debian 1:10.2.1+ds-1ubuntu3.2),89a99b20357ac92b2c6a533fe79d6fab6b507784858299f7109651f2d524d274,7.0.0-29-generic,AMD Ryzen 7 7800X3D 8-Core Processor,performance,off,0,none,0,0.75,6,7,1000112,1787017062391450054,113,0,0,721071818858,1787017097861568751,19099121,30228121,123370115,17,results/trials/20260818T013740Z-2/release-default/17/qemu.pcap
20260818T013740Z-2,33,0,whimbrel,release-fast-boot,c40945cdb71b5aef68c5e72e292a718b66ec651e,0,1e43a31023ec25f0154b3bc325554109fb988c451e0288b995f5295675fd19ca,QEMU emulator version 10.2.1 (Debian 1:10.2.1+ds-1ubuntu3.2),89a99b20357ac92b2c6a533fe79d6fab6b507784858299f7109651f2d524d274,7.0.0-29-generic,AMD Ryzen 7 7800X3D 8-Core Processor,performance,off,0,none,0,0.75,6,7,1000112,1787017062391450054,114,0,0,721416477599,1787017098206227622,18670540,20780540,52011067,17,results/trials/20260818T013740Z-2/release-fast-boot/33/qemu.pcap
20260818T013740Z-2,6,0,whimbrel,release-default,c40945cdb71b5aef68c5e72e292a718b66ec651e,0,801cae40af49e67cbd44bdaf14879a598e85f3f46ee39c5e4cdbe46ce2b503bf,QEMU emulator version 10.2.1 (Debian 1:10.2.1+ds-1ubuntu3.2),89a99b20357ac92b2c6a533fe79d6fab6b507784858299f7109651f2d524d274,7.0.0-29-generic,AMD Ryzen 7 7800X3D 8-Core Processor,performance,off,0,none,0,0.75,6,7,1000112,1787017062391450054,115,0,0,721714486983,1787017098504236916,18521177,29606177,122673787,17,results/trials/20260818T013740Z-2/release-default/06/qemu.pcap
20260818T013740Z-2,5,0,whimbrel,release-fast-boot,c40945cdb71b5aef68c5e72e292a718b66ec651e,0,1e43a31023ec25f0154b3bc325554109fb988c451e0288b995f5295675fd19ca,QEMU emulator version 10.2.1 (Debian 1:10.2.1+ds-1ubuntu3.2),89a99b20357ac92b2c6a533fe79d6fab6b507784858299f7109651f2d524d274,7.0.0-29-generic,AMD Ryzen 7 7800X3D 8-Core Processor,performance,off,0,none,0,0.75,6,7,1000112,1787017062391450054,116,0,0,722056150846,1787017098845900668,18894223,21003223,53022972,17,results/trials/20260818T013740Z-2/release-fast-boot/05/qemu.pcap
20260818T013740Z-2,27,0,whimbrel,release-default,c40945cdb71b5aef68c5e72e292a718b66ec651e,0,801cae40af49e67cbd44bdaf14879a598e85f3f46ee39c5e4cdbe46ce2b503bf,QEMU emulator version 10.2.1 (Debian 1:10.2.1+ds-1ubuntu3.2),89a99b20357ac92b2c6a533fe79d6fab6b507784858299f7109651f2d524d274,7.0.0-29-generic,AMD Ryzen 7 7800X3D 8-Core Processor,performance,off,0,none,0,0.75,6,7,1000112,1787017062391450054,117,0,0,722350705510,1787017099140455353,19120982,30208982,122954559,17,results/trials/20260818T013740Z-2/release-default/27/qemu.pcap
20260818T013740Z-2,6,0,whimbrel,release-fast-boot,c40945cdb71b5aef68c5e72e292a718b66ec651e,0,1e43a31023ec25f0154b3bc325554109fb988c451e0288b995f5295675fd19ca,QEMU emulator version 10.2.1 (Debian 1:10.2.1+ds-1ubuntu3.2),89a99b20357ac92b2c6a533fe79d6fab6b507784858299f7109651f2d524d274,7.0.0-29-generic,AMD Ryzen 7 7800X3D 8-Core Processor,performance,off,0,none,0,0.75,6,7,1000112,1787017062391450054,118,0,0,722696593178,1787017099486342990,18764127,20853127,51977623,17,results/trials/20260818T013740Z-2/release-fast-boot/06/qemu.pcap
20260818T013740Z-2,24,0,whimbrel,release-fast-boot,c40945cdb71b5aef68c5e72e292a718b66ec651e,0,1e43a31023ec25f0154b3bc325554109fb988c451e0288b995f5295675fd19ca,QEMU emulator version 10.2.1 (Debian 1:10.2.1+ds-1ubuntu3.2),89a99b20357ac92b2c6a533fe79d6fab6b507784858299f7109651f2d524d274,7.0.0-29-generic,AMD Ryzen 7 7800X3D 8-Core Processor,performance,off,0,none,0,0.75,6,7,1000112,1787017062391450054,119,0,0,722994489107,1787017099784238880,19083872,21216872,52156262,17,results/trials/20260818T013740Z-2/release-fast-boot/24/qemu.pcap
20260818T013740Z-2,30,0,whimbrel,release-fast-boot,c40945cdb71b5aef68c5e72e292a718b66ec651e,0,1e43a31023ec25f0154b3bc325554109fb988c451e0288b995f5295675fd19ca,QEMU emulator version 10.2.1 (Debian 1:10.2.1+ds-1ubuntu3.2),89a99b20357ac92b2c6a533fe79d6fab6b507784858299f7109651f2d524d274,7.0.0-29-generic,AMD Ryzen 7 7800X3D 8-Core Processor,performance,off,0,none,0,0.75,6,7,1000112,1787017062391450054,120,0,0,723291375795,1787017100081125618,19567077,21678077,52591235,11,results/trials/20260818T013740Z-2/release-fast-boot/30/qemu.pcap
20260818T013740Z-2,15,0,whimbrel,release-default,c40945cdb71b5aef68c5e72e292a718b66ec651e,0,801cae40af49e67cbd44bdaf14879a598e85f3f46ee39c5e4cdbe46ce2b503bf,QEMU emulator version 10.2.1 (Debian 1:10.2.1+ds-1ubuntu3.2),89a99b20357ac92b2c6a533fe79d6fab6b507784858299f7109651f2d524d274,7.0.0-29-generic,AMD Ryzen 7 7800X3D 8-Core Processor,performance,off,0,none,0,0.75,6,7,1000112,1787017062391450054,121,0,0,723589265653,1787017100379015495,18857643,30002643,123385705,9,results/trials/20260818T013740Z-2/release-default/15/qemu.pcap
20260818T013740Z-2,30,0,whimbrel,release-default,c40945cdb71b5aef68c5e72e292a718b66ec651e,0,801cae40af49e67cbd44bdaf14879a598e85f3f46ee39c5e4cdbe46ce2b503bf,QEMU emulator version 10.2.1 (Debian 1:10.2.1+ds-1ubuntu3.2),89a99b20357ac92b2c6a533fe79d6fab6b507784858299f7109651f2d524d274,7.0.0-29-generic,AMD Ryzen 7 7800X3D 8-Core Processor,performance,off,0,none,0,0.75,6,7,1000112,1787017062391450054,122,0,0,723935924961,1787017100725674804,19271017,30364017,123087701,3,results/trials/20260818T013740Z-2/release-default/30/qemu.pcap
20260818T013740Z-2,23,0,whimbrel,release-default,c40945cdb71b5aef68c5e72e292a718b66ec651e,0,801cae40af49e67cbd44bdaf14879a598e85f3f46ee39c5e4cdbe46ce2b503bf,QEMU emulator version 10.2.1 (Debian 1:10.2.1+ds-1ubuntu3.2),89a99b20357ac92b2c6a533fe79d6fab6b507784858299f7109651f2d524d274,7.0.0-29-generic,AMD Ryzen 7 7800X3D 8-Core Processor,performance,off,0,none,0,0.75,6,7,1000112,1787017062391450054,123,0,0,724281708142,1787017101071457974,19938599,31068599,123763069,10,results/trials/20260818T013740Z-2/release-default/23/qemu.pcap
20260818T013740Z-2,11,0,whimbrel,release-fast-boot,c40945cdb71b5aef68c5e72e292a718b66ec651e,0,1e43a31023ec25f0154b3bc325554109fb988c451e0288b995f5295675fd19ca,QEMU emulator version 10.2.1 (Debian 1:10.2.1+ds-1ubuntu3.2),89a99b20357ac92b2c6a533fe79d6fab6b507784858299f7109651f2d524d274,7.0.0-29-generic,AMD Ryzen 7 7800X3D 8-Core Processor,performance,off,0,none,0,0.75,6,7,1000112,1787017062391450054,124,0,0,724627025770,1787017101416775583,19549223,21658223,53088094,1,results/trials/20260818T013740Z-2/release-fast-boot/11/qemu.pcap
20260818T013740Z-2,31,0,whimbrel,release-default,c40945cdb71b5aef68c5e72e292a718b66ec651e,0,801cae40af49e67cbd44bdaf14879a598e85f3f46ee39c5e4cdbe46ce2b503bf,QEMU emulator version 10.2.1 (Debian 1:10.2.1+ds-1ubuntu3.2),89a99b20357ac92b2c6a533fe79d6fab6b507784858299f7109651f2d524d274,7.0.0-29-generic,AMD Ryzen 7 7800X3D 8-Core Processor,performance,off,0,none,0,0.75,6,7,1000112,1787017062391450054,125,0,0,724925587668,1787017101715337511,19233114,30413114,123361710,5,results/trials/20260818T013740Z-2/release-default/31/qemu.pcap
20260818T013740Z-2,11,0,whimbrel,release-default,c40945cdb71b5aef68c5e72e292a718b66ec651e,0,801cae40af49e67cbd44bdaf14879a598e85f3f46ee39c5e4cdbe46ce2b503bf,QEMU emulator version 10.2.1 (Debian 1:10.2.1+ds-1ubuntu3.2),89a99b20357ac92b2c6a533fe79d6fab6b507784858299f7109651f2d524d274,7.0.0-29-generic,AMD Ryzen 7 7800X3D 8-Core Processor,performance,off,0,none,0,0.75,6,7,1000112,1787017062391450054,126,0,0,725271491808,1787017102061241710,19114660,30374660,124136295,10,results/trials/20260818T013740Z-2/release-default/11/qemu.pcap
20260818T013740Z-2,27,0,whimbrel,release-fast-boot,c40945cdb71b5aef68c5e72e292a718b66ec651e,0,1e43a31023ec25f0154b3bc325554109fb988c451e0288b995f5295675fd19ca,QEMU emulator version 10.2.1 (Debian 1:10.2.1+ds-1ubuntu3.2),89a99b20357ac92b2c6a533fe79d6fab6b507784858299f7109651f2d524d274,7.0.0-29-generic,AMD Ryzen 7 7800X3D 8-Core Processor,performance,off,0,none,0,0.75,6,7,1000112,1787017062391450054,127,0,0,725615848427,1787017102405598810,19491133,21614133,53084719,8,results/trials/20260818T013740Z-2/release-fast-boot/27/qemu.pcap
20260818T013740Z-2,18,0,whimbrel,release-default,c40945cdb71b5aef68c5e72e292a718b66ec651e,0,801cae40af49e67cbd44bdaf14879a598e85f3f46ee39c5e4cdbe46ce2b503bf,QEMU emulator version 10.2.1 (Debian 1:10.2.1+ds-1ubuntu3.2),89a99b20357ac92b2c6a533fe79d6fab6b507784858299f7109651f2d524d274,7.0.0-29-generic,AMD Ryzen 7 7800X3D 8-Core Processor,performance,off,0,none,0,0.75,6,7,1000112,1787017062391450054,128,0,0,725915155808,1787017102704905630,19575532,30709532,123422043,1,results/trials/20260818T013740Z-2/release-default/18/qemu.pcap
20260818T013740Z-2,25,0,whimbrel,release-fast-boot,c40945cdb71b5aef68c5e72e292a718b66ec651e,0,1e43a31023ec25f0154b3bc325554109fb988c451e0288b995f5295675fd19ca,QEMU emulator version 10.2.1 (Debian 1:10.2.1+ds-1ubuntu3.2),89a99b20357ac92b2c6a533fe79d6fab6b507784858299f7109651f2d524d274,7.0.0-29-generic,AMD Ryzen 7 7800X3D 8-Core Processor,performance,off,0,none,0,0.75,6,7,1000112,1787017062391450054,129,0,0,726263317109,1787017103053066971,19387226,21496226,52953560,12,results/trials/20260818T013740Z-2/release-fast-boot/25/qemu.pcap
20260818T013740Z-2,14,0,whimbrel,release-default,c40945cdb71b5aef68c5e72e292a718b66ec651e,0,801cae40af49e67cbd44bdaf14879a598e85f3f46ee39c5e4cdbe46ce2b503bf,QEMU emulator version 10.2.1 (Debian 1:10.2.1+ds-1ubuntu3.2),89a99b20357ac92b2c6a533fe79d6fab6b507784858299f7109651f2d524d274,7.0.0-29-generic,AMD Ryzen 7 7800X3D 8-Core Processor,performance,off,0,none,0,0.75,6,7,1000112,1787017062391450054,130,0,0,726562935608,1787017103352685441,18457326,29550326,122591742,8,results/trials/20260818T013740Z-2/release-default/14/qemu.pcap
20260818T013740Z-2,21,0,whimbrel,release-fast-boot,c40945cdb71b5aef68c5e72e292a718b66ec651e,0,1e43a31023ec25f0154b3bc325554109fb988c451e0288b995f5295675fd19ca,QEMU emulator version 10.2.1 (Debian 1:10.2.1+ds-1ubuntu3.2),89a99b20357ac92b2c6a533fe79d6fab6b507784858299f7109651f2d524d274,7.0.0-29-generic,AMD Ryzen 7 7800X3D 8-Core Processor,performance,off,0,none,0,0.75,6,7,1000112,1787017062391450054,131,0,0,726909821996,1787017103699571859,22571684,24714684,53205959,1,results/trials/20260818T013740Z-2/release-fast-boot/21/qemu.pcap
20260818T013740Z-2,18,0,whimbrel,release-fast-boot,c40945cdb71b5aef68c5e72e292a718b66ec651e,0,1e43a31023ec25f0154b3bc325554109fb988c451e0288b995f5295675fd19ca,QEMU emulator version 10.2.1 (Debian 1:10.2.1+ds-1ubuntu3.2),89a99b20357ac92b2c6a533fe79d6fab6b507784858299f7109651f2d524d274,7.0.0-29-generic,AMD Ryzen 7 7800X3D 8-Core Processor,performance,off,0,none,0,0.75,6,7,1000112,1787017062391450054,132,0,0,727209264272,1787017103999014095,19239346,21363346,52847079,9,results/trials/20260818T013740Z-2/release-fast-boot/18/qemu.pcap
